id,subj,obj,verb,ref,lemma_verb,synset
occ1,Ζεὺς,Τρῶάς,πέλασσε,13.1,πελάζω,
occ2,οἳ,Ὄλυμπον,ἔχουσι,13.68,ἔχω,
occ3,οἳ,τοιαῦτα,ἀγόρευον,13.81,ἀγορεύω,speak
occ4,οἵ,δάκρυα,λεῖβον,13.88,λείβω,
occ5,ὅ,ἔπεα,προσηύδα,13.94,προσαυδάω,speak
occ6,Τεῦκρος,ἄνδρα,κατέκτα,13.170,κατακτείνω,
occ7,ὃ,ὀμφαλὸν,οὖτα,13.192,οὐτάω,
occ8,Ἄρης,πόλεμον,μέτεισι,13.298,μέτειμι,
occ9,Μηριόνης,μῦθον,ἔειπε,13.306,εἶπον,speak
occ10,τὸ,γούνατ',ἔλυσεν,13.360,λύω,kill
occ11,ἡμεῖς,ταῦτά,τελέσαιμεν,13.377,τελέω,
occ12,ἥ,οὐρίαχον,πελέμιζεν,13.443,πελεμίζω,
occ13,ὅ,ἔπεα,προσηύδα,13.480,προσαυδάω,speak
occ14,ἥ,αὐχέν',ἱκάνει,13.547,ἱκάνω,
occ15,σκότος,ὄσσε,κάλυψε,13.575,καλύπτω,
occ16,ὃ,πῆχυν,ἄνελκε,13.583,ἀνέλκω,
occ17,τις,χρόα,ἐπαύρῃ,13.649,ἐπαυρέω,
occ18,οἵ,σάκος,ἐξεδέχοντο,13.710,ἐκδέχομαι,
occ19,κάματός,γούναθ',ἵκοιτο,13.711,ἱκνέομαι,
occ20,οἳ,ἀλλήλους,ἐνάριζον,14.24,ἐναρίζω,kill
occ21,οἳ,μάχην,ἔχουσι,14.57,ἔχω,
occ22,ἀϋτὴ,οὐρανὸν,ἵκει,14.60,ἵκω,
occ23,ὃς,μῆτιν,ἐνίσποι,14.107,ἐνέπω,speak
occ24,τις,ἕλκος,ἄρηται,14.130,αἴρω,
occ25,θεὸς,ἑ,σιφλώσειε,14.142,σιφλόω,
occ26,σὺ,ταῦτα,μενοινᾷς,14.264,μενοινάω,
occ27,ἔρως,φρένας,ἀμφεκάλυψεν,14.294,ἀμφικαλύπτω,
occ28,ἐγὼ,νέφος,ἀμφικαλύψω,14.343,ἀμφικαλύπτω,
occ29,ἐγὼ,κῶμ',ἐκάλυψα,14.359,καλύπτω,
occ30,βέλος,θυμὸν,ἐδάμνα,14.439,δαμνάω,
occ31,Αἴας,Ὕρτιον,οὖτα,14.511,οὐτάω,
occ32,Μηριόνης,Μόρυν,κατέκτα,14.514,κατακτείνω,
occ33,σκότος,ὄσσε,κάλυψε,14.519,καλύπτω,
occ34,ἄγγελος,αἴσιμα,εἰδῇ,15.207,οἶδα,
occ35,ἄχος,κραδίην,ἱκάνει,15.208,ἱκάνω,
occ36,Ἕκτωρ,πόδας,ἐνώμα,15.269,νωμάω,
occ37,ὃ,γούνατ',ἔλυσεν,15.291,ἐλύω,
occ38,Ἕκτωρ,Στιχίον,ἔπεφνε,15.329,θείνω,kill
occ39,Αἰνείας,Μέδοντα,ἐξενάριξεν,15.332,ἐξεναρίζω,kill
occ40,ἣ,κύματ',ὀφέλλει,15.383,ὀφέλλω,
occ41,στάθμη,δόρυ,ἐξιθύνει,15.410,ἐξιθύνω,
occ42,ὃ,τόξον,ἔθηκεν,15.478,τίθημι,
occ43,Πουλυδάμας,Ὦτον,ἐξενάριξε,15.518,ἐξεναρίζω,kill
occ44,ὃ,τεύχε',ἐσύλα,15.524,συλάω,
occ45,Ζεὺς,Τρῶας,ἔγειρεν,15.567,ἐγείρω,
occ46,ὃ,βέλος,ἧκεν,15.575,ἵημι,
occ47,σκότος,ὄσσε,κάλυψεν,15.578,καλύπτω,
occ48,ὅς,κῦδος,ἐγγυάλιξε,15.644,ἐγγυαλίζω,
occ49,φωνὴ,αἰθέρ',ἵκανεν,15.686,ἱκάνω,
occ50,ἣ,Πρωτεσίλαον,ἔνεικεν,15.705,φέρω,
occ51,Ζεὺς,ἦμαρ,ἔδωκε,15.719,δίδωμι,
occ52,ὅ,λοιγὸν,ἀμύναι,15.736,ἀμύνω,
occ53,ἄχος,κραδίην,ἱκάνει,16.52,ἱκάνω,
occ54,ἐγὼ,τέλος,θείω,16.83,τίθημι,
occ55,οἳ,τοιαῦτα,ἀγόρευον,16.101,ἀγορεύω,speak
occ56,ἐγὼ,λαὸν,ἀγείρω,16.129,ἀγείρω,
occ57,ἕταροι,μιν,ἀμφεφόβηθεν,16.290,ἀμφιφοβέομαι,
occ58,σκότος,ὄσσε,κάλυψεν,16.325,καλύπτω,
occ59,Ζεὺς,λαίλαπα,τείνῃ,16.365,τείνω,
occ60,σύ,ἕλκος,ἄκεσσαι,16.523,ἀκέομαι,
occ61,Αἰνείας,δόρυ,ἧκεν,16.608,ἵημι,
occ62,σὺ,ταῦτα,ἀγορεύεις,16.627,ἀγορεύω,speak
occ63,γλάγος,ἄγγεα,δεύει,16.643,δεύω,
occ64,οἳ,ἔντε',ἕλοντο,16.663,αἱρέω,kill
occ65,ὅς,θυμὸν,ἀνῆκεν,16.691,ἀνίημι,
occ66,θεοὶ,θάνατον,κάλεσσαν,16.693,καλέω,
occ67,χερμάδια,ἀσπίδας,ἐστυφέλιξαν,16.774,στυφελίζω,
occ68,Ἠέλιος,οὐρανὸν,ἀμφιβεβήκει,16.777,ἀμφιβαίνω,
occ69,ὃ,τὸν,ἐνόησεν,16.789,νοέω,
occ70,ὃς,ἡλικίην,ἐκέκαστο,16.808,καίνυμαι,
occ71,Ἕκτωρ,θυμὸν,ἀπηύρα,16.828,ἀπαυράω,
occ72,οἵ,με,δάμασσαν,16.845,δαμάζω,kill
occ73,σὺ,με,ἐξεναρίζεις,16.850,ἐξεναρίζω,kill
occ74,Μενέλαος,τεύχε',ἐσύλα,17.60,συλάω,
occ75,ὅσσοι,Λυκίην,ναιετάουσι,17.172,ναιετάω,
occ76,ἐγὼν,ἔντεα,δύω,17.186,δύω,
occ77,ὃ,τεύχεα,δῦνε,17.194,δύω,
occ78,σὺ,τεύχεα,δύνεις,17.202,δύω,
occ79,ὅ,ἔπεα,προσηύδα,17.219,προσαυδάω,speak
occ80,νέφος,πάντα,καλύπτει,17.243,καλύπτω,
occ81,τίς,οὐνόματ',εἴποι,17.260,εἶπον,speak
occ82,τοὶ,ἄλγε',ἔπασχον,17.375,πάσχω,
occ83,Ζεὺς,κῦδος,ὀπάζει,17.566,ὀπάζω,
occ84,τίς,σ',ταρβήσειεν,17.586,ταρβέω,
occ85,Ζεὺς,πάντ',ἰθύνει,17.632,ἰθύνω,
occ86,ὅ,Θρασυμήδεα,ἀνῆκεν,17.705,ἀνίημι,
occ87,οἳ,νεκρὸν,ἀγκάζοντο,17.722,ἀγκάζομαι,
occ88,θεαὶ,μιν,ἀμφαγέροντο,18.37,ἀμφαγείρομαι,
occ89,οἳ,ἀλλήλους,ὀλέκουσιν,18.172,ὀλέκω,
occ90,σέβας,σε,ἱκέσθω,18.178,ἱκνέομαι,
occ91,σέβας,θυμὸν,ἱκέσθω,18.178,ἱκνέομαι,
occ92,τίς,σε,ἧκε,18.182,ἵημι,
occ93,οἳ,Ὄλυμπον,ἀμφινέμονται,18.186,ἀμφινέμομαι,
occ94,καπνὸς,αἰθέρ',ἵκηται,18.207,ἱκνέομαι,
occ95,σέλας,αἰθέρ',ἵκανε,18.214,ἱκάνω,
occ96,σὺ,ταῦτ',ἀγορεύεις,18.285,ἀγορεύω,speak
occ97,Ζεὺς,νοήματα,τελευτᾷ,18.328,τελευτάω,
occ98,οἳ,τοιαῦτα,ἀγόρευον,18.368,ἀγορεύω,speak
occ99,αἵ,μ',ἐσάωσαν,18.405,σώζω,
occ100,Ζεὺς,ἄλγε',ἔδωκεν,18.431,δίδωμι,
occ101,ὃ,Πάτροκλον,ἕσσε,18.451,ἕννυμι,
occ102,ὃ,τεύχεα,ἕσσε,18.451,ἕννυμι,
occ103,ὃς,δίκην,εἴποι,18.508,εἶπον,speak
occ104,κήρυκες,δαῖτα,πένοντο,18.558,πένομαι,
occ105,ἣ,ἄλγε',ἔθηκε,1.2,τίθημι,
occ106,ὃς,Χρύσην,ἀμφιβέβηκας,1.37,ἀμφιβαίνω,
occ107,ὅ,λοιγὸν,ἀπώσει,1.97,ἀπωθέω,
occ108,ἑκηβόλος,ἄλγεα,τεύχει,1.110,τεύχω,
occ109,θεός,τό,ἔδωκεν,1.178,δίδωμι,
occ110,ὃ,Ἀτρεΐδην,ἐναρίζοι,1.191,ἐναρίζω,kill
occ111,ἣ,Οὔλυμπον,βεβήκει,1.221,βαίνω,
occ112,σὺ,θυμὸν,ἀμύξεις,1.243,ἀμύσσω,
occ113,πένθος,γαῖαν,ἱκάνει,1.254,ἱκάνω,
occ114,Ζεὺς,κῦδος,ἔδωκεν,1.279,δίδωμι,
occ115,Ἀτρεΐδης,νῆα,προέρυσσεν,1.308,προερύω,
occ116,Ἀτρεΐδης,ἅλα,προέρυσσεν,1.308,προερύω,
occ117,ὅ,Ταλθύβιόν,προσέειπε,1.320,προσεῖπον,speak
occ118,ὃς,κήδε',ἐφῆκεν,1.445,ἐφίημι,
occ119,ὃς,Χρύσην,ἀμφιβέβηκας,1.451,ἀμφιβαίνω,
occ120,οἳ,θεὸν,ἱλάσκοντο,1.472,ἱλάσκομαι,
occ121,τις,ὄνειρον,ἔνισπε,2.80,ἐνέπω,speak
occ122,ὅ,ἔπε',μετηύδα,2.109,μεταυδάω,speak
occ123,ἀϋτὴ,οὐρανὸν,ἷκεν,2.153,ἱκνέομαι,
occ124,Ἥρη,μῦθον,ἔειπεν,2.156,εἶπον,speak
occ125,ἄχος,κραδίην,ἵκανεν,2.171,ἱκάνω,
occ126,ὃς,ἔπεα,ᾔδη,2.213,οἶδα,
occ127,ἐγώ,εἵματα,δύσω,2.261,δύω,
occ128,τά,αἰδῶ,ἀμφικαλύπτει,2.262,ἀμφικαλύπτω,
occ129,Ὀδυσσεὺς,ἐσθλὰ,ἔοργε,2.272,ἔρδω,
occ130,Ζεὺς,ἄλγε',ἔδωκεν,2.375,δίδωμι,
occ131,ὅς,με,βάλλει,2.376,βάλλω,kill
occ132,αἴγλη,οὐρανὸν,ἷκε,2.458,ἵκω,
occ133,γλάγος,ἄγγεα,δεύει,2.471,δεύω,
occ134,οἳ,Γλισᾶντ',ἐνέμοντο,2.504,νέμω,
occ135,οἵ,Ἀνεμώρειαν,ἀμφενέμοντο,2.521,ἀμφινέμομαι,
occ136,οἳ,Στύρα,ναιετάασκον,2.539,ναιετάω,
occ137,οἳ,Βουπράσιόν,ἔναιον,2.615,ναίω,
occ138,οἳ,Σάμον,ἀμφενέμοντο,2.634,ἀμφινέμομαι,
occ139,οἳ,Κρήτην,ἀμφενέμοντο,2.649,ἀμφινέμομαι,
occ140,ὅσσοι,Ἄργος,ἔναιον,2.681,ναίω,
occ141,οἵ,Τρηχῖνα,νέμοντο,2.682,νέμω,
occ142,οἳ,Μηθώνην,ἐνέμοντο,2.716,νέμω,
occ143,οἳ,οἰκί',ἔθεντο,2.750,τίθημι,
occ144,οἵ,ἔργα,νέμοντο,2.751,νέμω,
occ145,Ἕκτωρ,ἔπος,ἠγνοίησεν,2.807,ἀγνοέω,
occ146,ἄνδρες,Βατίειαν,κικλήσκουσιν,2.813,κικλήσκω,
occ147,οἳ,Περκώτην,ἀμφενέμοντο,2.835,ἀμφινέμομαι,
occ148,οἳ,Λάρισαν,ναιετάασκον,2.841,ναιετάω,
occ149,ταί,ἔριδα,προφέρονται,3.7,προφέρω,
occ150,οἳ,φιλότητα,τάμωμεν,3.94,τέμνω,
occ151,τις,ὅρκια,δηλήσηται,3.107,δηλέομαι,
occ152,Ἕκτωρ,κήρυκας,ἔπεμπε,3.116,πέμπω,
occ153,ἣ,ἱστὸν,ὕφαινε,3.125,ὑφαίνω,
occ154,ὁππότεροι,ὅρκια,πημήνειαν,3.299,πημαίνω,
occ155,Πρίαμος,μῦθον,ἔειπε,3.303,εἶπον,speak
occ156,ὁππότερος,ἔργα,ἔθηκε,3.321,τίθημι,
occ157,Μενέλαος,ἔντε',ἔδυνεν,3.339,δύω,
occ158,ὅ,με,ἔοργε,3.351,ἔρδω,
occ159,ὅ,κάκ',ἔοργε,3.351,ἔρδω,
occ160,ὅ,φιλότητα,παράσχῃ,3.354,παρέχω,
occ161,σὺ,οἶτον,ὄληαι,3.417,ὄλλυμι,kill
occ162,αἳ,δόμον,ἵκοντο,3.421,ἱκνέομαι,
occ163,χόλος,μιν,ᾕρει,4.23,αἱρέω,kill
occ164,ἥ,βέλος,ἄμυνεν,4.129,ἀμύνω,
occ165,οἵ,ὅρκια,δηλήσαντο,4.236,δηλέομαι,
occ166,ἀνὴρ,ἅρμαθ',ἵκηται,4.306,ἱκνέομαι,
occ167,πρότεροι,πόλεας,ἐπόρθεον,4.308,πορθέω,
occ168,σὺ,ταῦτ',βάζεις,4.355,βάζω,speak
occ169,Τυδεὺς,πότμον,ἐφῆκε,4.396,ἐφίημι,
occ170,σκότος,ὄσσε,κάλυψεν,4.461,καλύπτω,
occ171,ἀνὴρ,ἄνδρ',ἐδνοπάλιζεν,4.472,δνοπαλίζω,
occ172,ὃ,βέλος,ἧκεν,4.498,ἵημι,
occ173,σκότος,ὄσσε,κάλυψε,4.503,καλύπτω,
occ174,σκότος,ὄσσε,κάλυψε,4.526,καλύπτω,
occ175,Ζεὺς,κῦδος,ὀρέξῃ,5.33,ὀρέγω,
occ176,θάνατος,μιν,ἀμφεκάλυψε,5.68,ἀμφικαλύπτω,
occ177,χηρωσταὶ,κτῆσιν,δατέοντο,5.158,δατέομαι,
occ178,λέων,αὐχένα,ἄξῃ,5.161,ἄγνυμι,
occ179,ἐγὼ,τόξα,θείην,5.215,τίθημι,
occ180,Ζεὺς,κῦδος,ὀρέξῃ,5.225,ὀρέγω,
occ181,Ἀθήνη,κῦδος,ὀρέξῃ,5.260,ὀρέγω,
occ182,οἳ,τοιαῦτα,ἀγόρευον,5.274,ἀγορεύω,speak
occ183,οἳ,Ὄλυμπον,ἔχουσι,5.404,ἔχω,
occ184,οἳ,τοιαῦτα,ἀγόρευον,5.431,ἀγορεύω,speak
occ185,ὅς,μιν,ἀνώγει,5.509,ἄνωγα,
occ186,Ἄρης,ἔγχος,ἐνώμα,5.594,νωμάω,
occ187,ὃς,λοιγὸν,ἀμύνει,5.603,ἀμύνω,
occ188,Τρῶες,δούρατ',ἔχευαν,5.618,χέω,
occ189,Τληπόλεμος,μῦθον,ἔειπε,5.632,εἶπον,speak
occ190,πατὴρ,λοιγὸν,ἄμυνεν,5.662,ἀμύνω,
occ191,ὅ,θυμὸν,ἕλοιτο,5.673,αἱρέω,kill
occ192,κάματος,γυῖα,δέδυκεν,5.811,δύω,
occ193,ὃ,Περίφαντα,ἐξενάριζεν,5.842,ἐξεναρίζω,kill
occ194,οἳ,Ὄλυμπον,ἔχουσιν,5.890,ἔχω,
occ195,ὀπὸς,γάλα,συνέπηξεν,5.902,συμπήγνυμι,
occ196,σκότος,ὄσσε,κάλυψεν,6.11,καλύπτω,
occ197,τὼ,γαῖαν,ἐδύτην,6.19,δύω,
occ198,Εὐρύπυλος,Μελάνθιον,ἐξενάριξεν,6.36,ἐξεναρίζω,kill
occ199,οἳ,καρπὸν,ἔδουσιν,6.142,ἔδω,
occ200,ἣ,Προῖτον,προσηύδα,6.163,προσαυδάω,speak
occ201,τοὶ,οἶκον,νέοντο,6.189,νέομαι,
occ202,Ἕκτωρ,πύλας,ἵκανεν,6.237,ἱκάνω,
occ203,αἳ,χεῖρας,ἀνέσχον,6.301,ἀνέχω,
occ204,θεοὶ,κακὰ,τεκμήραντο,6.349,τεκμαίρομαι,
occ205,πόνος,φρένας,ἀμφιβέβηκεν,6.355,ἀμφιβαίνω,
occ206,οἳ,ποθὴν,ἔχουσιν,6.362,ἔχω,
occ207,Τρῳαὶ,θεὸν,ἱλάσκονται,6.380,ἱλάσκομαι,
occ208,ταμίη,μῦθον,ἔειπεν,6.381,εἶπον,speak
occ209,Τρῳαὶ,θεὸν,ἱλάσκονται,6.385,ἱλάσκομαι,
occ210,σύ,πότμον,ἐπίσπῃς,6.412,ἐφέπω,
occ211,ἄλοχος,οἶκον,βεβήκει,6.495,βαίνω,
occ212,τύνη,τεύχεα,δέξο,19.10,δέχομαι,
occ213,θεὰ,τεύχε',ἔθηκε,19.12,τίθημι,
occ214,αἵ,φῶτας,κατέδουσιν,19.31,κατέδω,
occ215,Ἀχαιοὶ,μῦθον,ἔειπον,19.85,εἶπον,speak
occ216,θεὸς,πάντα,τελευτᾷ,19.90,τελευτάω,
occ217,ἣ,πάντας,ἀᾶται,19.91,ἀάω,
occ218,Ζεὺς,δολοφροσύνην,ἐνόησεν,19.112,νοέω,
occ219,ἣ,πάντας,ἀᾶται,19.129,ἀάω,
occ220,τις,Ἀχιλῆα,ἴδηται,19.151,εἶδον,
occ221,Ζεὺς,κῦδος,ἔδωκεν,19.204,δίδωμι,
occ222,ὅτις,ἐπίορκον,ὀμόσσῃ,19.260,ὄμνυμι,
occ223,ἐγὼ,χεῖρ',ἐπένεικα,19.261,ἐπιφέρω,
occ224,θεοὶ,ἄλγεα,δοῖεν,19.264,δίδωμι,
occ225,οἳ,ἦμαρ,ἐπέσπον,19.294,ἐφέπω,
occ226,ὅς,δάκρυον,εἴβει,19.323,εἴβω,
occ227,λιμὸς,γούναθ',ἵκοιτο,19.354,ἱκνέομαι,
occ228,σέλας,αἰθέρ',ἵκανε,19.379,ἱκάνω,
occ229,Τρῶες,τεύχε',ἕλοντο,19.412,αἱρέω,kill
occ230,αἵ,ἄλσεα,νέμονται,20.8,νέμω,
occ231,ὃς,λοιγὸν,ἀμύνει,20.98,ἀμύνω,
occ232,ἣ,μῦθον,ἔειπε,20.114,εἶπον,speak
occ233,Πρίαμος,γέρας,θήσει,20.182,τίθημι,
occ234,ἕτεροί,παῖδα,κλαύσονται,20.210,κλαίω,
occ235,νηῦς,ἄχθος,ἄροιτο,20.247,αἴρω,
occ236,χόλος,τὰ,κελεύει,20.255,κελεύω,
occ237,Πηλεΐδης,θυμὸν,ἀπηύρα,20.290,ἀπαυράω,
occ238,οὗτος,ἄλγεα,πάσχει,20.297,πάσχω,
occ239,τοὶ,οὐρανὸν,ἔχουσιν,20.299,ἔχω,
occ240,ἡμεῖς,μιν,ἀγάγωμεν,20.300,ἄγω,
occ241,Ἀχιλεὺς,θάνατον,ἐπίσπῃ,20.337,ἐφέπω,
occ242,τίς,σ',ἐξεναρίξει,20.339,ἐξεναρίζω,kill
occ243,Ἀχιλεὺς,τέλος,ἐπιθήσει,20.369,ἐπιτίθημι,
occ244,σκότος,ὄσσε,κάλυψε,20.393,καλύπτω,
occ245,νεφέλη,μιν,ἀμφεκάλυψε,20.417,ἀμφικαλύπτω,
occ246,ὃ,τὸν,ἔασε,20.456,ἐάω,
occ247,σκότος,ὄσσε,κάλυψε,20.471,καλύπτω,
occ248,ἄνεμος,φλόγα,εἰλυφάζει,20.492,εἰλυφάζω,
occ249,υἱὸς,ὦνον,ἔδωκε,21.41,δίδωμι,
occ250,κάματος,γούνατ',ἐδάμνα,21.52,δαμνάω,
occ251,ὃ,πολέας,ἐρύκει,21.59,ἐρύκω,
occ252,ἥ,κρατερόν,ἐρύκει,21.63,ἐρύκω,
occ253,σὺ,ἄμφω,δειροτομήσεις,21.89,δειροτομέω,
occ254,τις,θυμὸν,ἕληται,21.112,αἱρέω,kill
occ255,Ἀχιλεὺς,θυμὸν,ἀπηύρα,21.179,ἀπαυράω,
occ256,σκότος,ὄσσε,κάλυψεν,21.181,καλύπτω,
occ257,τοὶ,οὐρανὸν,ἔχουσι,21.267,ἔχω,
occ258,ποταμὸς,γούνατ',ἐδάμνα,21.270,δάμνημι,
occ259,ἥ,με,ἔθελγεν,21.276,θέλγω,
occ260,ἥ,κεφαλὰς,κήαι,21.336,καίω,
occ261,ἐγὼ,τόδ',ὀμοῦμαι,21.373,ὄμνυμι,
occ262,ἣ,ἔπεα,ἀγόρευε,21.427,ἀγορεύω,speak
occ263,ἐγὼ,τεῖχος,ἔδειμα,21.446,δέμω,
occ264,σὺ,βοῦς,βουκολέεσκες,21.448,βουκολέω,
occ265,οἳ,τοιαῦτα,ἀγόρευον,21.514,ἀγορεύω,speak
occ266,Ἀχιλεὺς,πόνον,ἔθηκεν,21.525,τίθημι,
occ267,Ἀπόλλων,Ἀγήνορα,ἀνῆκε,21.545,ἀνίημι,
occ268,Ζεὺς,κῦδος,ὀπάζει,21.570,ὀπάζω,
occ269,σὺ,πότμον,ἐφέψεις,21.588,ἐφέπω,
occ270,Ἀχιλεὺς,πόδας,ἐνώμα,22.24,νωμάω,
occ271,ὅς,μ',ἔθηκε,22.44,τίθημι,
occ272,δράκων,ἄνδρα,μένῃσι,22.93,μένω,
occ273,Πουλυδάμας,ἐλεγχείην,ἀναθήσει,22.100,ἀνατίθημι,
occ274,ὃ,μ',ἐλεήσει,22.123,ἐλεέω,
occ275,Ὀλύμπιος,εὖχος,ὀρέξῃ,22.130,ὀρέγω,
occ276,ὅς,μηρί',ἔκηεν,22.170,καίω,
occ277,λύκοι,θυμὸν,ἔχουσιν,22.263,ἔχω,
occ278,θεοὶ,θάνατον,κάλεσσαν,22.297,καλέω,
occ279,κληῗδες,αὐχέν',ἔχουσι,22.324,ἔχω,
occ280,σὺ,χαλκόν,δέδεξο,22.340,δέχομαι,
occ281,ὃς,κύνας,ἀπαλάλκοι,22.348,ἀπάλαλκε,
occ282,ὃ,τεύχε',ἐσύλα,22.368,συλάω,
occ283,ἄλοχος,τι,πέπυστο,22.437,πυνθάνομαι,
occ284,ἦμαρ,παῖδα,τίθησι,22.490,τίθημι,
occ285,Τρῶες,ἐπίκλησιν,καλέουσιν,22.506,καλέω,
occ286,Θέτις,ἵμερον,ὦρσε,23.14,ὄρνυμι,
occ287,ὃ,τάφον,δαίνυ,23.29,δαίνυμι,
occ288,ταὶ,χθόνα,δατεῦντο,23.121,δατέομαι,
occ289,σὺ,νόον,ἐτέλεσσας,23.149,τελέω,
occ290,τοί,φλόγ',ἔβαλλον,23.217,βάλλω,kill
occ291,ἐγὼ,κλισίην,φεροίμην,23.275,φέρω,
occ292,οἳ,μάστιγας,ἄειραν,23.362,ἀείρω,
occ293,ὅτις,τοιαῦτά,ῥέζοι,23.494,ῥέζω,
occ294,ἐγὼ,τὸ,τελέσσω,23.559,τελέω,
occ295,θεοὶ,χάριν,δοῖεν,23.650,δίδωμι,
occ296,ὃ,νέους,ἐνίκα,23.756,νικάω,
occ297,Μηριόνης,πελέκεας,ἄειρε,23.882,ἀείρω,
occ298,Ἥρη,δέπας,θῆκε,24.101,τίθημι,
occ299,ἐγὼ,κῦδος,προτιάπτω,24.110,προσάπτω,
occ300,ἐγὼ,Ἶριν,ἐφήσω,24.117,ἐφίημι,
occ301,τά,θυμὸν,ἰήνῃ,24.119,ἰαίνω,
occ302,τά,θυμὸν,ἰήνῃ,24.147,ἰαίνω,
occ303,τά,θυμὸν,ἰήνῃ,24.176,ἰαίνω,
occ304,ὃς,γλήνεα,κεχάνδει,24.192,χανδάνω,
occ305,τά,θυμὸν,ἰήνῃ,24.196,ἰαίνω,
occ306,τίς,μ',ἐκέλευεν,24.220,κελεύω,
occ307,Ζεὺς,ἄλγε',ἔδωκε,24.241,δίδωμι,
occ308,ὅς,Τροίην,ὁρᾶται,24.291,ὁράω,
occ309,ἔγωγέ,σ',κελοίμην,24.297,κέλομαι,
occ310,αἵ,φῶτας,κατέδουσιν,24.415,κατέδω,
occ311,πολέες,χαλκὸν,ἔλασσαν,24.421,ἐλαύνω,
occ312,οἳ,Ὄλυμπον,ἔχουσι,24.427,ἔχω,
occ313,ἐγὼ,Ἄργος,ἱκοίμην,24.437,ἱκνέομαι,
occ314,Πρίαμος,μῦθον,ἔειπε,24.485,εἶπον,speak
occ315,Ἄρης,γούνατ',ἔλυσεν,24.498,λύω,kill
occ316,ὃ,χόλον,ἐρύσαιτο,24.584,ἐρύω,
occ317,τὼ,πάντας,ὄλεσσαν,24.609,ὄλλυμι,kill
occ318,οἳ,χεῖρας,ἴαλλον,24.627,ἰάλλω,
occ319,τίς,με,ἐνίπτοι,24.768,ἐνίπτω,
occ320,σὺ,τὸν,κατέρυκες,24.771,κατερύκω,
occ321,πάντες,με,πεφρίκασιν,24.775,φρίσσω,
occ322,Πρίαμος,μῦθον,ἔειπεν,24.777,εἶπον,speak
occ323,ὑμεῖς,Τροίην,ἕλητε,7.71,αἱρέω,kill
occ324,θεράποντες,τεύχε',ἕλοντο,7.122,αἱρέω,kill
occ325,πένθος,γαῖαν,ἱκάνει,7.124,ἱκάνω,
occ326,ἐγὼ,τεύχεα,δύω,7.193,δύω,
occ327,ὅς,μιν,προσηύδα,7.356,προσαυδάω,speak
occ328,ὅς,ἔπεα,προσηύδα,7.356,προσαυδάω,speak
occ329,σὺ,ταῦτ',ἀγορεύεις,7.357,ἀγορεύω,speak
occ330,τις,κτήματ',δεχέσθω,7.400,δέχομαι,
occ331,ὅς,νόον,ἐνίψει,7.447,ἐνέπω,speak
occ332,οἳ,τοιαῦτα,ἀγόρευον,7.464,ἀγορεύω,speak
occ333,Ἠέλιος,οὐρανὸν,ἀμφιβεβήκει,8.68,ἀμφιβαίνω,
occ334,γέρων,παρηορίας,ἀπέταμνε,8.87,ἀποτέμνω,
occ335,γέρων,θυμὸν,ὄλεσσεν,8.90,ὄλλυμι,kill
occ336,τίς,δόρυ,πήξῃ,8.95,πήγνυμι,
occ337,Ζεὺς,κῦδος,ὀπάζει,8.141,ὀπάζω,
occ338,ἀνὴρ,νόον,εἰρύσσαιτο,8.143,ἐρύω,
occ339,ἄχος,κραδίην,ἱκάνει,8.147,ἱκάνω,
occ340,Ἕκτωρ,κακὸν,φήσει,8.153,φημί,speak
occ341,οἳ,τείχεα,μηχανόωντο,8.177,μηχανάομαι,
occ342,τὰ,μένος,ἐρύξει,8.178,ἐρύκω,
occ343,κλέος,οὐρανὸν,ἵκει,8.192,ἵκω,
occ344,οἳ,δῶρ',ἀνάγουσι,8.203,ἀνάγω,
occ345,οἳ,τοιαῦτα,ἀγόρευον,8.212,ἀγορεύω,speak
occ346,Ζεὺς,κῦδος,ἔδωκε,8.216,δίδωμι,
occ347,ὃ,θυμὸν,ὄλεσσεν,8.270,ὄλλυμι,kill
occ348,ἥ,λέχος,εἰσαναβαίνοι,8.291,εἰσαναβαίνω,
occ349,Τεῦκρος,ὀϊστὸν,ἴαλλεν,8.309,ἰάλλω,
occ350,Ὀλύμπιος,μένος,ὦρσεν,8.335,ὄρνυμι,
occ351,οὗτός,μένος,ὀλέσειε,8.358,ὄλλυμι,kill
occ352,Ἥρη,μῦθον,ἔειπεν,8.426,εἶπον,speak
occ353,χόλος,μιν,ᾕρει,8.460,αἱρέω,kill
occ354,ὅ,ἔπεα,μετηύδα,8.496,μεταυδάω,speak
occ355,τις,βέλος,πέσσῃ,8.513,πέσσω,
occ356,ὃ,ἔπε',μετηύδα,9.16,μεταυδάω,speak
occ357,τίς,τάδε,γηθήσειε,9.77,γηθέω,
occ358,οἳ,χεῖρας,ἴαλλον,9.91,ἰάλλω,
occ359,τις,νόον,νοήσει,9.104,νοέω,
occ360,οἳ,ἀέθλια,ἄροντο,9.124,αἴρω,
occ361,ἐγὼ,μείλια,δώσω,9.147,δίδωμι,
occ362,οἵ,ἑ,τιμήσουσι,9.155,τιμάω,
occ363,κήρυκες,ὕδωρ,ἔχευαν,9.174,χέω,
occ364,οἳ,χεῖρας,ἴαλλον,9.221,ἰάλλω,
occ365,οἳ,ἀέθλια,ἄροντο,9.266,αἴρω,
occ366,ἵπποι,ἀέθλια,ἄροντο,9.269,αἴρω,
occ367,ὃ,μείλια,δώσει,9.289,δίδωμι,
occ368,οἵ,σε,τιμήσουσι,9.297,τιμάω,
occ369,ὃ,ἄλλον,ἑλέσθω,9.391,αἱρέω,kill
occ370,οἵ,πτολίεθρα,ῥύονται,9.396,ῥύομαι,
occ371,ὃ,με,ὑπέδεκτο,9.480,ὑποδέχομαι,
occ372,πατὴρ,παῖδα,φιλήσῃ,9.481,φιλέω,
occ373,θεοὶ,γόνον,ἐξετέλειον,9.493,ἐκτελέω,
occ374,σύ,μῦθον,ἐλέγξῃς,9.522,ἐλέγχω,
occ375,ὅς,ἐμὲ,κήδῃ,9.615,κήδω,
occ376,τις,τούσδε,καλέσειεν,10.111,καλέω,
occ377,τίς,ἔργον,τελέσειε,10.303,τελέω,
occ378,ὅς,μῦθον,ἔειπεν,10.318,εἶπον,speak
occ379,ὃ,ἔπος,ηὔδα,10.377,αὐδάω,speak
occ380,ἐγώ,ταῦτα,καταλέξω,10.413,καταλέγω,
occ381,ἐγὼ,ταῦτα,καταλέξω,10.427,καταλέγω,
occ382,ὃ,αὐχένα,ἔλασσε,10.455,ἐλαύνω,
occ383,κτύπος,οὔατα,βάλλει,10.535,βάλλω,kill
occ384,οἳ,κλισίην,ἵκοντο,10.566,ἱκνέομαι,
occ385,ἥ,πόντον,ὀρίνει,11.298,ὀρίνω,
occ386,Ζεὺς,κῦδος,ἔδωκεν,11.300,δίδωμι,
occ387,τοὶ,ἀλλήλους,ἐνάριζον,11.337,ἐναρίζω,kill
occ388,ὃ,πῆχυν,ἄνελκε,11.375,ἀνέλκω,
occ389,ποταμὸς,πεδίον,κάτεισι,11.492,κάτειμι,
occ390,Κεβριόνης,Τρῶας,ἐνόησεν,11.521,νοέω,
occ391,Ζεὺς,Αἴανθ',ὦρσε,11.544,ὄρνυμι,
occ392,οἳ,κλισίην,ἀφίκοντο,11.618,ἀφικνέομαι,
occ393,Ἐπειοὶ,χρεῖος,ὄφειλον,11.688,ὀφείλω,
occ394,Ζεὺς,κράτος,ἐγγυάλιξε,11.753,ἐγγυαλίζω,
occ395,τὼ,πόλλ',ἐπέτελλον,11.782,ἐπιτέλλω,
occ396,ὅσσοι,ἅλα,προρέουσι,12.19,προρέω,
occ397,ἀγηνορίη,μιν,ἔκτα,12.46,κτείνω,kill
occ398,τίς,θυμὸν,ἕληται,12.150,αἱρέω,kill
occ399,σὺ,ταῦτ',ἀγορεύεις,12.231,ἀγορεύω,speak
occ400,ὅς,ἀρὴν,ἀμύναι,12.334,ἀμύνω,
occ401,ἀϋτὴ,οὐρανὸν,ἷκε,12.338,ἵκω,
occ402,Αἴας,ἄνδρα,κατέκτα,12.378,κατακτείνω,
occ403,Ζεὺς,κῆρας,ἄμυνε,12.402,ἀμύνω,
occ404,Ζεὺς,κῦδος,δῶκε,12.437,δίδωμι,
